product_name,downloaded_count,status,provider
Hydraulic Power Unit 5000 HP,3,ok,serpapi
Heavy-Duty Hydraulic Cylinder 800-Ton,3,ok,serpapi
Directional Control Valve 4-Way,3,ok,serpapi
Hydraulic Accumulator 500L,3,ok,serpapi
Hydraulic Oil Cooler 1000kW,3,ok,serpapi
High-Pressure Filter Assembly,3,ok,serpapi
Hydraulic Motor 750cc,3,ok,serpapi
Variable Displacement Pump 500cc,3,ok,serpapi
Custom Hydraulic Manifold Block,3,ok,serpapi
High-Pressure Hose Assembly Kit,3,ok,serpapi
Hydraulic Reservoir Tank 2000L,3,ok,serpapi
Servo Hydraulic Control System,3,ok,serpapi
Hydraulic Test Bench 500 Bar,3,ok,serpapi
Pressure Intensifier 1:10,3,ok,serpapi
Hydraulic Clamping System,3,ok,serpapi
